Workbook

Sheet Sheet 1
A2: RAW DATA | O2: CLEANED DATA
A3: ID | B3: Age | C3: Salary | D3: Department | I3: Column | J3: Missing Count | K3: Missing % | O3: ID | P3: Age | Q3: Salary | R3: Department
A4: 1 | C4: 70056 | D4: Admin | I4: Age | J4: =COUNTBLANK('Sheet 1'!B4:B18) -> 8 | K4: =COUNTBLANK('Sheet 1'!B4:B18)/COUNTA('Sheet 1'!B4:B18) -> 1.1428571 | O4: ='Sheet 1'!A4 -> 1 | P4: =IF('Sheet 1'!B4="", AVERAGE('Sheet 1'!B4:B18), 'Sheet 1'!B4) -> 43.571429 | Q4: =IF('Sheet 1'!C4="", AVERAGE('Sheet 1'!C4:C18), 'Sheet 1'!C4) -> 70056 | R4: =IF('Sheet 1'!D4="", "Unknown", 'Sheet 1'!D4) -> Admin
A5: 2 | C5: 71824 | D5: Admin | I5: Salary | J5: =COUNTBLANK('Sheet 1'!C4:C18) -> 4 | K5: =COUNTBLANK('Sheet 1'!C4:C18)/COUNTA('Sheet 1'!C4:C18) -> 0.36363636 | O5: ='Sheet 1'!A5 -> 2 | P5: =IF('Sheet 1'!B5="", AVERAGE('Sheet 1'!B4:B18), 'Sheet 1'!B5) -> 43.571429 | Q5: =IF('Sheet 1'!C5="", AVERAGE('Sheet 1'!C4:C18), 'Sheet 1'!C5) -> 71824 | R5: =IF('Sheet 1'!D5="", "Unknown", 'Sheet 1'!D5) -> Admin
A6: 3 | B6: 48 | D6: Admin | I6: Department | J6: =COUNTBLANK('Sheet 1'!D4:D18) -> 3 | K6: =COUNTBLANK('Sheet 1'!D4:D18)/COUNTA('Sheet 1'!D4:D18) -> 0.25 | O6: ='Sheet 1'!A6 -> 3 | P6: =IF('Sheet 1'!B6="", AVERAGE('Sheet 1'!B4:B18), 'Sheet 1'!B6) -> 48 | Q6: =IF('Sheet 1'!C6="", AVERAGE('Sheet 1'!C4:C18), 'Sheet 1'!C6) -> 51835 | R6: =IF('Sheet 1'!D6="", "Unknown", 'Sheet 1'!D6) -> Admin
A7: 4 | B7: 29 | C7: 34514 | D7: HR | O7: ='Sheet 1'!A7 -> 4 | P7: =IF('Sheet 1'!B7="", AVERAGE('Sheet 1'!B4:B18), 'Sheet 1'!B7) -> 29 | Q7: =IF('Sheet 1'!C7="", AVERAGE('Sheet 1'!C4:C18), 'Sheet 1'!C7) -> 34514 | R7: =IF('Sheet 1'!D7="", "Unknown", 'Sheet 1'!D7) -> HR
A8: 5 | D8: Admin | O8: ='Sheet 1'!A8 -> 5 | P8: =IF('Sheet 1'!B8="", AVERAGE('Sheet 1'!B4:B18), 'Sheet 1'!B8) -> 43.571429 | Q8: =IF('Sheet 1'!C8="", AVERAGE('Sheet 1'!C4:C18), 'Sheet 1'!C8) -> 51835 | R8: =IF('Sheet 1'!D8="", "Unknown", 'Sheet 1'!D8) -> Admin
A9: 6 | B9: 51 | D9: HR | I9: Normalization | J9: =(C1 - MIN($C$1:$C$19)) / (MAX($C$1:$C$19) - MIN($C$1:$C$19)) -> -0.44340836 | O9: ='Sheet 1'!A9 -> 6 | P9: =IF('Sheet 1'!B9="", AVERAGE('Sheet 1'!B4:B18), 'Sheet 1'!B9) -> 51 | Q9: =IF('Sheet 1'!C9="", AVERAGE('Sheet 1'!C4:C18), 'Sheet 1'!C9) -> 51835 | R9: =IF('Sheet 1'!D9="", "Unknown", 'Sheet 1'!D9) -> HR
A10: 7 | C10: 51047 | I10: Z-Score | J10: =(A1 - AVERAGE($C$1:$C$20)) / STDEV($C$1:$C$20) -> -2.7698446 | O10: ='Sheet 1'!A10 -> 7 | P10: =IF('Sheet 1'!B10="", AVERAGE('Sheet 1'!B4:B18), 'Sheet 1'!B10) -> 43.571429 | Q10: =IF('Sheet 1'!C10="", AVERAGE('Sheet 1'!C4:C18), 'Sheet 1'!C10) -> 51047 | R10: =IF('Sheet 1'!D10="", "Unknown", 'Sheet 1'!D10) -> Unknown
A11: 8 | B11: 52 | C11: 55569 | D11: HR | O11: ='Sheet 1'!A11 -> 8 | P11: =IF('Sheet 1'!B11="", AVERAGE('Sheet 1'!B4:B18), 'Sheet 1'!B11) -> 52 | Q11: =IF('Sheet 1'!C11="", AVERAGE('Sheet 1'!C4:C18), 'Sheet 1'!C11) -> 55569 | R11: =IF('Sheet 1'!D11="", "Unknown", 'Sheet 1'!D11) -> HR
A12: 9 | B12: 26 | C12: 67988 | O12: ='Sheet 1'!A12 -> 9 | P12: =IF('Sheet 1'!B12="", AVERAGE('Sheet 1'!B4:B18), 'Sheet 1'!B12) -> 26 | Q12: =IF('Sheet 1'!C12="", AVERAGE('Sheet 1'!C4:C18), 'Sheet 1'!C12) -> 67988 | R12: =IF('Sheet 1'!D12="", "Unknown", 'Sheet 1'!D12) -> Unknown
A13: 10 | B13: 48 | C13: 22064 | D13: Admin | O13: ='Sheet 1'!A13 -> 10 | P13: =IF('Sheet 1'!B13="", AVERAGE('Sheet 1'!B4:B18), 'Sheet 1'!B13) -> 48 | Q13: =IF('Sheet 1'!C13="", AVERAGE('Sheet 1'!C4:C18), 'Sheet 1'!C13) -> 22064 | R13: =IF('Sheet 1'!D13="", "Unknown", 'Sheet 1'!D13) -> Admin
A14: 11 | C14: 71347 | D14: Admin | O14: ='Sheet 1'!A14 -> 11 | P14: =IF('Sheet 1'!B14="", AVERAGE('Sheet 1'!B4:B18), 'Sheet 1'!B14) -> 43.571429 | Q14: =IF('Sheet 1'!C14="", AVERAGE('Sheet 1'!C4:C18), 'Sheet 1'!C14) -> 71347 | R14: =IF('Sheet 1'!D14="", "Unknown", 'Sheet 1'!D14) -> Admin
A15: 12 | B15: 51 | D15: Finance | O15: ='Sheet 1'!A15 -> 12 | P15: =IF('Sheet 1'!B15="", AVERAGE('Sheet 1'!B4:B18), 'Sheet 1'!B15) -> 51 | Q15: =IF('Sheet 1'!C15="", AVERAGE('Sheet 1'!C4:C18), 'Sheet 1'!C15) -> 51835 | R15: =IF('Sheet 1'!D15="", "Unknown", 'Sheet 1'!D15) -> Finance
A16: 13 | C16: 58294 | D16: IT | O16: ='Sheet 1'!A16 -> 13 | P16: =IF('Sheet 1'!B16="", AVERAGE('Sheet 1'!B4:B18), 'Sheet 1'!B16) -> 43.571429 | Q16: =IF('Sheet 1'!C16="", AVERAGE('Sheet 1'!C4:C18), 'Sheet 1'!C16) -> 58294 | R16: =IF('Sheet 1'!D16="", "Unknown", 'Sheet 1'!D16) -> IT
A17: 14 | C17: 44501 | D17: Finance | O17: ='Sheet 1'!A17 -> 14 | P17: =IF('Sheet 1'!B17="", AVERAGE('Sheet 1'!B4:B18), 'Sheet 1'!B17) -> 43.571429 | Q17: =IF('Sheet 1'!C17="", AVERAGE('Sheet 1'!C4:C18), 'Sheet 1'!C17) -> 44501 | R17: =IF('Sheet 1'!D17="", "Unknown", 'Sheet 1'!D17) -> Finance
A18: 15 | C18: 22981 | O18: ='Sheet 1'!A18 -> 15 | P18: =IF('Sheet 1'!B18="", AVERAGE('Sheet 1'!B4:B18), 'Sheet 1'!B18) -> 43.571429 | Q18: =IF('Sheet 1'!C18="", AVERAGE('Sheet 1'!C4:C18), 'Sheet 1'!C18) -> 22981 | R18: =IF('Sheet 1'!D18="", "Unknown", 'Sheet 1'!D18) -> Unknown
